{"1": 0.4202020202020202,
"2": 0.4380434782608696,
"3": 0.5111940298507462,
"4": 0.5675675675675675,
"5": 0.2926829268292683,
"6": 0.47639484978540775,
"7": 0.4628099173553719,
"8": 0.47122692725298587,
"9": 0.45352743561030234,
"10": 0.4316877152698048,
"11": 0.5939771547248183,
"12": 0.5426439232409381,
"13": 0.4199561403508772,
"14": 0.5500526870389885,
"15": 0.44583333333333336,
"16": 0.42779291553133514,
"17": 0.5178571428571429,
"18": 0.42650103519668736,
"19": 0.5473908413205538,
"20": 0.47058823529411764,
"21": 0.4915254237288136,
"22": 0.5885167464114832,
"23": 0.5711892797319933,
"24": 0.549520766773163,
"25": 0.5527426160337553,
"26": 0.5712719298245614,
"27": 0.4685082872928177,
"28": 0.4752688172043011,
"29": 0.44299674267100975,
"30": 0.5225903614457831,
"31": 0.5191082802547771,
"32": 0.3333333333333333,
"33": 0.5881126173096975,
"34": 0.4763681592039801,
"35": 0.551255230125523,
"36": 0.5151515151515151,
"37": 0.465625,
"38": 0.430635838150289,
"39": 0.4076923076923077,
"40": 0.5,
"41": 0.5154394299287411,
"42": 0.38235294117647056,
"43": 0.4117647058823529,
"44": 0.5138888888888888}